,y_pred
0,7.4260573387146
1,7.274691581726074
2,7.756402015686035
3,7.337355136871338
4,7.594890594482422
5,7.5774455070495605
6,7.204091548919678
7,7.6688947677612305
8,7.638908386230469
9,7.262145042419434
10,5.355030059814453
11,7.486840724945068
12,7.486435890197754
13,7.43022346496582
14,7.022549629211426
15,7.488246917724609
16,7.182631969451904
17,6.991787433624268
18,7.4370880126953125
19,7.440658092498779
20,7.245262622833252
21,6.390120506286621
22,7.504232883453369
23,7.84161376953125
24,7.089510917663574
25,6.9950175285339355
26,7.196657657623291
27,7.455753326416016
28,7.574062347412109
29,6.974249362945557
30,7.146851062774658
31,5.674709320068359
32,7.433928966522217
33,8.11905574798584
34,6.9584832191467285
35,7.679048538208008
36,7.5232367515563965
37,7.5302228927612305
38,7.388711452484131
39,5.776144981384277
40,7.53463077545166
41,7.531311511993408
42,7.7102580070495605
43,7.75400972366333
44,7.474313735961914
45,8.019786834716797
46,7.492789268493652
47,5.729867935180664
48,7.106013774871826
49,7.587705612182617
50,5.5401692390441895
51,7.662326335906982
52,6.358733654022217
53,7.381386756896973
54,6.755496978759766
55,6.759744644165039
56,7.804368019104004
57,6.592564105987549
58,7.5848069190979
59,7.483139514923096
60,7.701594829559326
61,6.682830333709717
62,6.971798896789551
63,6.108975887298584
64,7.381650924682617
65,7.849153995513916
66,6.773589611053467
67,6.485081195831299
68,7.0399675369262695
69,6.759489059448242
70,7.220155239105225
71,5.200451850891113
72,7.978814125061035
73,7.061840534210205
74,7.553868293762207
75,7.675488471984863
76,7.9393839836120605
77,7.789085388183594
78,7.278310775756836
79,7.595548629760742
80,7.23643684387207
81,7.43619441986084
82,5.876426696777344
83,7.130011558532715
84,7.498973369598389
85,7.7490997314453125
86,7.900940895080566
87,7.874016284942627
88,7.108381748199463
89,7.139214038848877
90,5.0740838050842285
91,5.706872463226318
92,7.777043342590332
93,7.199182033538818
94,7.677934169769287
95,8.657958984375
96,6.229179859161377
97,7.4604339599609375
98,7.82227087020874
99,7.432008266448975
100,7.455349922180176
101,7.678065776824951
102,7.727292060852051
103,5.4393792152404785
104,7.276282787322998
105,6.003982067108154
106,7.739872455596924
107,7.6424946784973145
108,6.471792697906494
109,6.431970119476318
110,7.3458733558654785
111,7.221959114074707
112,4.617587566375732
113,7.471782684326172
114,6.326823711395264
115,7.136834144592285
116,7.352651596069336
117,7.607479095458984
118,5.797668933868408
119,7.553139686584473
120,6.099889755249023
121,8.135775566101074
122,7.6773834228515625
123,7.974971294403076
124,7.633333206176758
125,6.43118143081665
126,7.590716361999512
127,5.430499076843262
128,6.841899871826172
129,7.26915979385376
130,7.203762531280518
131,8.283143043518066
132,7.553628921508789
133,6.727376461029053
134,7.301602363586426
135,7.5430097579956055
136,7.488025665283203
137,6.16935396194458
138,7.644477844238281
139,7.43984842300415
140,7.296265125274658
141,7.397028923034668
142,7.410885810852051
143,7.946374416351318
144,8.028399467468262
145,7.521331787109375
146,7.649303913116455
147,7.038202285766602
148,7.801656723022461
149,6.054614543914795
150,7.3041887283325195
151,6.803462505340576
152,7.641876220703125
153,7.619584083557129
154,8.071825981140137
155,7.338000297546387
156,7.397676467895508
157,6.882905960083008
158,5.193593502044678
159,8.077410697937012
160,7.350961685180664
161,6.762158393859863
162,7.563621520996094
163,7.649477958679199
164,7.520256996154785
165,7.604930877685547
166,8.389241218566895
167,7.476330280303955
168,7.077681064605713
169,7.748054027557373
170,7.489157199859619
171,7.6820387840271
172,7.216811656951904
173,6.7150983810424805
174,7.068741321563721
175,7.882196426391602
176,7.624911785125732
177,5.625070095062256
178,6.721706390380859
179,7.706186771392822
180,5.211944103240967
181,7.9140625
182,7.738098621368408
183,5.75937032699585
184,7.541633605957031
185,7.406246662139893
186,5.282834529876709
187,7.044874668121338
188,7.69303560256958
189,7.2161359786987305
190,7.447552680969238
191,7.654768943786621
192,7.605747699737549
193,7.453647136688232
194,7.839015007019043
195,6.5980401039123535
196,6.887609481811523
197,7.43960428237915
198,7.311595439910889
199,7.2237229347229
200,7.308055877685547
201,8.082679748535156
202,7.557624816894531
203,7.210907936096191
204,7.8836350440979
205,7.588515758514404
206,7.156088829040527
207,7.377435684204102
208,7.562737464904785
209,6.9611897468566895
210,6.999654769897461
211,7.565704822540283
212,7.753671646118164
213,7.349802017211914
214,7.423312664031982
215,7.869962692260742
216,7.830430507659912
217,7.642645835876465
218,7.607346057891846
219,6.407082557678223
220,8.024757385253906
221,8.302377700805664
222,7.488627910614014
223,7.0854973793029785
224,4.35106897354126
225,7.306082725524902
226,7.695633411407471
227,6.018115043640137
228,7.882491111755371
229,4.2410569190979
230,7.170696258544922
231,7.478106498718262
232,7.592418193817139
233,7.7776875495910645
234,6.6328887939453125
235,7.93726921081543
236,7.047682762145996
237,7.826188087463379
238,7.5068793296813965
239,6.820343971252441
240,6.372147083282471
241,7.436856746673584
242,7.496755599975586
243,6.5687761306762695
244,7.854710578918457
245,7.349624156951904
246,7.838569641113281
247,7.821354866027832
248,6.992587089538574
249,6.5858154296875
250,7.636590003967285
251,7.14958381652832
252,7.20092248916626
253,7.384937286376953
254,7.433129787445068
255,8.3369140625
256,7.645263671875
257,7.546210765838623
258,6.036584377288818
259,7.512899875640869
260,7.880392074584961
261,6.4867939949035645
262,7.548777103424072
263,7.518817901611328
264,8.036728858947754
265,7.328005790710449
266,6.2654032707214355
267,7.4236159324646
268,6.062596321105957
269,4.919612884521484
270,7.489072322845459
271,7.710846424102783
272,7.771372318267822
273,7.444980621337891
274,5.238879680633545
275,7.857358932495117
276,7.500513076782227
277,5.625265121459961
278,8.221620559692383
279,6.531071662902832
280,7.786714553833008
281,7.469738006591797
282,6.65423583984375
283,7.903057098388672
284,5.513778209686279
285,7.620750427246094
286,7.526363849639893
287,7.22342586517334
288,5.800176620483398
289,6.573147296905518
290,7.944878578186035
291,8.118141174316406
292,8.216715812683105
293,8.367820739746094
294,6.666605472564697
295,7.402858734130859
296,7.848564147949219
297,7.444949150085449
298,7.390219688415527
299,6.923229217529297
300,7.333897590637207
301,7.016880512237549
302,7.240329742431641
303,7.307888031005859
304,6.842245578765869
305,7.730859756469727
306,7.525542259216309
307,7.5511932373046875
308,7.531139850616455
309,6.136562347412109
310,7.094858169555664
311,7.691396236419678
312,8.2008638381958
313,6.712381839752197
314,7.22812032699585
315,6.945508003234863
316,7.317482948303223
317,7.399566173553467
318,7.641608715057373
319,6.421802997589111
320,7.527393341064453
321,7.258238792419434
322,5.286881446838379
323,6.631976127624512
324,7.34712553024292
325,7.538818836212158
326,7.740262508392334
327,6.588099002838135
328,7.286602973937988
329,7.695277214050293
330,6.857581615447998
331,7.291701793670654
332,7.450123310089111
333,7.342410087585449
334,7.441952705383301
335,8.089341163635254
336,7.036755084991455
337,7.194581985473633
338,7.619715690612793
339,7.618025302886963
340,7.501855850219727
341,7.618804454803467
342,7.523627281188965
343,8.004963874816895
344,7.237544059753418
345,7.561692237854004
346,7.1958394050598145
347,2.8643648624420166
348,6.678917407989502
349,7.394282817840576
350,7.755964756011963
351,7.785378932952881
352,5.150464057922363
353,6.6303606033325195
354,6.47382926940918
355,7.868101119995117
356,7.64011287689209
357,5.621844291687012
358,6.852776050567627
359,6.355123043060303
360,7.150031566619873
361,7.090884208679199
362,7.126771926879883
363,7.886077404022217
364,7.553889751434326
365,7.335857391357422
366,8.618423461914062
367,7.689755439758301
368,7.795485019683838
369,5.968409061431885
370,6.430218696594238
371,6.261739253997803
372,4.569448471069336
373,7.518515110015869
374,7.479063987731934
375,7.552350044250488
376,6.311225891113281
377,5.933156967163086
378,7.298089504241943
379,6.4552083015441895
380,7.859536170959473
381,7.517482757568359
382,7.688935279846191
383,6.9618449211120605
384,7.357254505157471
385,7.102383613586426
386,7.9397454261779785
387,7.587461948394775
388,6.850411415100098
389,7.434685230255127
390,7.081201076507568
391,5.961349010467529
392,6.1289191246032715
393,7.422175407409668
394,6.379451751708984
395,5.7289581298828125
396,5.257812976837158
397,7.65762996673584
398,5.858742713928223
399,7.779209613800049
400,7.6596174240112305
401,7.392780780792236
402,7.588191032409668
403,6.485902786254883
404,7.682823181152344
405,7.7203450202941895
406,7.504006385803223
407,7.115108966827393
408,7.619894981384277
409,5.9371418952941895
410,7.935790538787842
411,7.258358001708984
412,5.240787982940674
413,7.510134696960449
414,7.6452155113220215
415,6.861602306365967
416,7.20539665222168
417,7.949228286743164
418,7.463906288146973
419,7.589916706085205
420,7.576278209686279
421,6.127969264984131
422,5.657047748565674
423,7.525529861450195
424,7.450411319732666
425,6.9798760414123535
426,7.207098484039307
427,8.133879661560059
428,7.60153341293335
429,7.692930221557617
430,9.584724426269531
431,6.367184638977051
432,7.711514949798584
433,6.735727787017822
434,8.089774131774902
435,6.921611785888672
436,7.334310054779053
437,7.377689838409424
438,7.339343547821045
439,7.613676071166992
440,7.824499607086182
441,6.088137626647949
442,6.982915878295898
443,7.629369258880615
444,5.586979389190674
445,7.427563190460205
446,7.189082622528076
447,7.143506050109863
448,7.291616916656494
449,8.178546905517578
450,6.710947036743164
451,7.6478729248046875
452,7.580959320068359
453,7.787581443786621
454,7.439792156219482
455,7.587124824523926
456,6.008368015289307
457,5.990116596221924
458,7.606705188751221
459,7.813813209533691
460,7.959434509277344
461,7.519131183624268
462,7.156625747680664
463,7.701728820800781
464,6.948319911956787
465,5.493843078613281
466,8.722766876220703
467,7.70468807220459
468,7.755439758300781
469,6.955658912658691
470,7.576833724975586
471,7.564962863922119
472,8.27566909790039
473,6.577816486358643
474,7.4410080909729
475,7.367292881011963
476,7.777765274047852
477,7.134147644042969
478,7.254897594451904
479,8.47344970703125
480,5.544739246368408
481,7.101254463195801
482,7.3689045906066895
483,7.586284637451172
484,7.595312595367432
485,7.236459732055664
486,7.5229902267456055
487,7.32717752456665
488,7.206576347351074
489,6.883302211761475
490,7.583368301391602
491,7.803295135498047
492,7.173598289489746
493,7.1139068603515625
494,7.311805725097656
495,7.553027153015137
496,7.388867378234863
497,7.246536731719971
498,6.851250648498535
499,7.83913516998291
500,7.2767510414123535
501,7.749328136444092
502,7.030248165130615
503,6.56580114364624
504,7.886216163635254
505,6.817666530609131
506,7.515789031982422
507,6.757081508636475
508,7.275310516357422
509,6.46061897277832
510,7.947343826293945
511,7.272456645965576
512,7.2882561683654785
513,7.707029819488525
514,6.576139450073242
515,7.082118988037109
516,6.926083564758301
517,7.244724750518799
518,7.110805511474609
519,8.079549789428711
520,6.932740211486816
521,7.597715377807617
522,7.654529571533203
523,7.683854579925537
524,7.492483615875244
525,4.541146278381348
526,8.432564735412598
527,7.316929340362549
528,6.759605407714844
529,7.519184589385986
530,6.532100200653076
531,7.875061988830566
532,7.736423015594482
533,7.584327697753906
534,6.707087516784668
535,6.708576679229736
536,7.979877471923828
537,5.798845291137695
538,7.992831230163574
539,7.019345760345459
540,7.625080585479736
541,6.429140567779541
542,8.242857933044434
543,7.644218444824219
544,7.285666465759277
545,7.753413200378418
546,7.204894065856934
547,7.579252243041992
548,7.302811145782471
549,7.5797014236450195
550,5.779328346252441
551,7.308145523071289
552,6.384411811828613
553,7.528834342956543
554,7.16357946395874
555,7.536114692687988
556,7.415168285369873
557,7.373112201690674
558,7.7065958976745605
559,7.488295555114746
560,7.442854404449463
561,7.57390832901001
562,7.925146579742432
563,7.606816291809082
564,7.882987976074219
565,7.748024940490723
566,7.81854248046875
567,5.668607711791992
568,7.3910136222839355
569,7.786505699157715
570,7.393872261047363
571,7.259950160980225
572,7.295733451843262
573,7.382811546325684
574,7.923727989196777
575,7.391211032867432
576,5.36854362487793
577,7.8926520347595215
578,7.928554058074951
579,7.094550609588623
580,7.06501579284668
581,7.8549981117248535
582,8.06502914428711
583,7.153703212738037
584,7.236050128936768
585,7.768589973449707
586,6.337359428405762
587,7.60488224029541
588,7.502945423126221
589,7.698599338531494
590,7.2395339012146
591,7.688094615936279
592,6.999030113220215
593,7.4494452476501465
594,8.19305419921875
595,7.780772686004639
596,7.373871326446533
597,7.071653842926025
598,7.043701171875
599,7.420715808868408
600,6.132691383361816
601,7.038482666015625
602,8.026963233947754
603,6.713256359100342
604,7.1926493644714355
605,8.10069751739502
606,6.822036266326904
607,7.844081401824951
608,7.317278861999512
609,7.871438980102539
610,7.781791687011719
611,7.672383785247803
612,7.339333534240723
613,6.848731994628906
614,7.690668106079102
615,7.797746658325195
616,7.215336322784424
617,7.405854225158691
618,7.488188743591309
619,7.446836471557617
620,7.0004119873046875
621,7.697709560394287
622,7.431295394897461
623,5.141279697418213
624,7.691581726074219
625,7.574749946594238
626,7.019862174987793
627,7.496641159057617
628,8.067182540893555
629,7.564188003540039
630,7.789045810699463
631,5.696595191955566
632,7.131106376647949
633,7.243078708648682
634,7.757964611053467
635,7.467394828796387
636,5.764529228210449
637,6.093657493591309
638,2.952907085418701
639,7.399312973022461
640,7.708803176879883
641,6.06665563583374
642,8.451471328735352
643,7.818119525909424
644,6.332018852233887
645,7.674966335296631
646,7.369271755218506
647,7.6555657386779785
648,3.3995778560638428
649,6.73744535446167
650,7.949634552001953
651,7.797059059143066
652,7.582240581512451
653,7.667529106140137
654,7.741118907928467
655,6.618452548980713
656,7.443221092224121
657,7.599754333496094
658,4.780965328216553
659,7.154322624206543
660,7.234482765197754
661,5.701006889343262
662,7.50253963470459
663,6.811378002166748
664,7.536262035369873
665,7.25068473815918
666,7.66452693939209
667,4.701176166534424
668,8.169888496398926
669,7.567373275756836
670,7.444401741027832
671,7.615381717681885
672,7.914975643157959
673,7.4683732986450195
674,7.714254856109619
675,6.884018421173096
676,7.155997276306152
677,7.491446018218994
678,7.223518371582031
679,7.348921298980713
680,5.8287787437438965
681,6.03833532333374
682,7.691280841827393
683,7.1866559982299805
684,7.595571517944336
685,7.148081302642822
686,7.533028602600098
687,7.291286468505859
688,7.4357171058654785
689,6.552011013031006
690,7.1394124031066895
691,7.387554168701172
692,7.707759380340576
693,8.4512939453125
694,6.259324550628662
695,6.7148213386535645
696,7.312469959259033
697,7.662259101867676
698,7.974423408508301
699,7.052683353424072
700,6.3924760818481445
701,5.932462215423584
702,7.915149211883545
703,4.886484146118164
704,7.514754295349121
705,7.572417259216309
706,7.605933666229248
707,6.177326202392578
708,7.761537075042725
709,6.660398006439209
710,7.658730983734131
711,7.6086106300354
712,7.663463115692139
713,7.4591217041015625
714,7.443869590759277
715,7.939659118652344
716,7.422811508178711
717,5.982133865356445
718,7.193767070770264
719,7.673987865447998
720,7.254026412963867
721,6.568270206451416
722,7.652512073516846
723,7.037893295288086
724,7.63651180267334
725,6.942890644073486
726,7.423213958740234
727,7.439833164215088
728,7.662290573120117
729,7.599431037902832
730,7.440567970275879
731,6.850409030914307
732,7.449114799499512
733,7.7886505126953125
734,7.492274284362793
735,7.687103748321533
736,7.832299709320068
737,7.492576599121094
738,7.169052600860596
739,8.59774112701416
740,4.552608013153076
741,7.255690097808838
742,7.324482440948486
743,5.398046970367432
744,7.285372257232666
745,4.840209007263184
746,6.649524211883545
747,4.779393672943115
748,5.944509983062744
749,6.549393653869629
750,7.534048557281494
751,7.926868438720703
752,7.2567572593688965
753,7.846713066101074
754,6.326603412628174
755,7.587381839752197
756,7.490115642547607
757,7.272026538848877
758,7.579331398010254
759,7.74165153503418
760,7.414821624755859
761,7.6324028968811035
762,7.801693916320801
763,7.407951354980469
764,7.510164260864258
765,7.188188076019287
766,7.227366924285889
767,7.130652904510498
768,7.701007843017578
769,7.34506368637085
770,6.558704376220703
771,7.275364398956299
772,8.146886825561523
773,7.880713939666748
774,7.0849809646606445
775,6.272995948791504
776,7.355947494506836
777,6.637550354003906
778,7.442662715911865
779,7.154670715332031
780,6.299253940582275
781,5.2771406173706055
782,7.481454372406006
783,7.407176971435547
784,7.373517990112305
785,7.781133651733398
786,7.398534774780273
787,7.500281810760498
788,7.271390438079834
789,7.6473917961120605
790,7.700207233428955
791,7.300846576690674
792,7.705557346343994
793,7.30696964263916
794,7.514547348022461
795,7.822249412536621
796,7.230720043182373
797,7.009233474731445
798,8.16706371307373
799,6.03638219833374
800,6.965085029602051
801,6.968804836273193
802,7.1390533447265625
803,7.4524617195129395
804,7.401362419128418
805,7.496341228485107
806,8.201586723327637
807,5.998100280761719
808,7.748115062713623
809,7.341264724731445
810,7.4838385581970215
811,8.402153015136719
812,7.581954479217529
813,7.8421807289123535
814,6.639791488647461
815,7.616394996643066
816,7.9386887550354
817,7.774278163909912
818,7.604534149169922
819,5.201369285583496
820,7.718059539794922
821,4.7705302238464355
822,7.5718488693237305
823,7.4756879806518555
824,7.575376033782959
825,7.779134750366211
826,6.904199123382568
827,7.5721259117126465
828,7.303802013397217
829,5.5773606300354
830,5.8816752433776855
831,7.5823259353637695
832,7.707719326019287
833,7.227451324462891
834,7.128235340118408
835,7.4402031898498535
836,7.531127452850342
837,6.906511306762695
838,8.57717227935791
839,8.06545352935791
840,6.730893611907959
841,7.474151611328125
842,7.53298807144165
843,7.209275245666504
844,7.87428092956543
845,7.757631301879883
846,6.577279090881348
847,5.027255058288574
848,7.422879219055176
849,8.083860397338867
850,7.3665080070495605
851,7.303112506866455
852,7.479128360748291
853,7.43652868270874
854,7.635966777801514
855,7.264522552490234
856,5.255157470703125
857,7.13799524307251
858,7.501510143280029
859,8.373126983642578
860,7.706173896789551
861,5.67193078994751
862,6.685401439666748
863,6.985633373260498
864,7.415787696838379
865,7.570732593536377
866,6.755984306335449
867,7.2889018058776855
868,7.40319299697876
869,6.680916786193848
870,7.614077091217041
871,7.54597806930542
872,7.541931629180908
873,7.376937389373779
874,7.2591962814331055
875,7.711919784545898
876,7.718308925628662
877,7.51377010345459
878,7.5059895515441895
879,7.597846031188965
880,7.621599197387695
881,6.78054666519165
882,7.683633327484131
883,7.865532398223877
884,7.899242877960205
885,7.059609889984131
886,7.771446704864502
887,8.26850700378418
888,7.277652740478516
889,8.293581008911133
890,7.621590614318848
891,7.856549263000488
892,5.857242584228516
893,7.875770092010498
894,5.473189830780029
895,7.4840407371521
896,7.581737518310547
897,7.528801918029785
898,7.375184059143066
899,7.239121437072754
900,7.7739081382751465
901,7.314175605773926
902,7.313142776489258
903,7.291670799255371
904,7.662737846374512
905,7.622999668121338
906,7.711574554443359
907,7.136285781860352
908,7.318627834320068
909,7.554084777832031
910,6.398238658905029
911,7.897938251495361
912,6.878937244415283
913,5.742536544799805
914,7.716232776641846
915,7.608377456665039
916,6.356964588165283
917,7.388807773590088
918,7.167818546295166
919,5.868800163269043
920,7.403383255004883
921,7.096790790557861
922,7.24385929107666
923,7.563645362854004
924,7.903710842132568
925,7.186125755310059
926,7.666565895080566
927,7.908361434936523
928,6.798447608947754
929,7.447498798370361
930,7.368106365203857
931,7.66265869140625
932,7.354381084442139
933,6.448126792907715
934,7.609957218170166
935,7.370148658752441
936,7.622101783752441
937,4.9221696853637695
938,6.90228796005249
939,7.054832458496094
940,7.377985954284668
941,7.544118881225586
942,7.209951877593994
943,7.348486423492432
944,6.640922546386719
945,7.226673603057861
946,5.754028797149658
947,7.5886969566345215
948,7.623942852020264
949,6.08188533782959
950,7.643357276916504
951,7.4267988204956055
952,7.8068647384643555
953,7.3993988037109375
954,5.990211009979248
955,8.240973472595215
956,7.402632236480713
957,7.483183860778809
958,7.036528587341309
959,6.879791736602783
960,7.042068004608154
961,7.702915191650391
962,7.829705715179443
963,7.406941890716553
964,7.625782489776611
965,6.892143249511719
966,7.6838274002075195
967,5.244540691375732
968,7.315877437591553
969,7.3157172203063965
970,5.504791259765625
971,7.53841495513916
972,7.752433776855469
973,5.6139936447143555
974,7.57772970199585
975,7.548563003540039
976,7.642840385437012
977,7.565080642700195
978,7.214992523193359
979,8.422513961791992
980,7.513837814331055
981,7.741878509521484
982,7.800166606903076
983,7.65786075592041
984,6.386738300323486
985,7.4958038330078125
986,6.802750110626221
987,5.57140588760376
988,7.7223639488220215
989,7.762272834777832
990,7.593855381011963
991,7.509889125823975
992,7.137515068054199
993,7.724104881286621
994,7.514999866485596
995,6.7309722900390625
996,7.053908348083496
997,7.923075199127197
998,7.608179569244385
999,7.637066841125488
1000,7.3411149978637695
1001,8.22173023223877
1002,7.3951640129089355
1003,8.045404434204102
1004,7.784182548522949
1005,6.529697895050049
1006,6.315499782562256
1007,5.411173343658447
1008,6.323422431945801
1009,7.33001184463501
1010,6.847463130950928
1011,7.155831813812256
1012,5.8109540939331055
1013,7.189848899841309
1014,7.407423973083496
1015,7.855138301849365
1016,7.594363689422607
1017,8.234189987182617
1018,6.62716007232666
1019,7.1167497634887695
1020,6.922421932220459
1021,7.354456424713135
1022,8.187640190124512
1023,7.478567600250244
1024,7.570455551147461
1025,6.927516460418701
1026,7.715602874755859
1027,7.480162143707275
1028,6.826968669891357
1029,7.260733604431152
1030,7.642401695251465
1031,8.110939025878906
1032,6.404146671295166
1033,6.9765143394470215
1034,6.268483638763428
1035,7.470689296722412
1036,7.487421989440918
1037,7.265857696533203
1038,5.575769901275635
1039,7.837806224822998
1040,7.7263054847717285
1041,7.509263038635254
1042,7.204165935516357
1043,7.672045707702637
1044,6.429530620574951
1045,7.182317733764648
1046,7.479222297668457
1047,7.71961784362793
1048,4.967044353485107
1049,7.732001781463623
1050,7.727540493011475
1051,7.474493026733398
1052,6.407016277313232
1053,7.3995842933654785
1054,7.675831317901611
1055,6.67125129699707
1056,7.6601128578186035
1057,7.175161361694336
1058,5.170873165130615
1059,7.883421421051025
1060,6.903243541717529
1061,7.542966842651367
1062,7.415760040283203
1063,7.191752910614014
1064,7.743829727172852
1065,7.360084533691406
1066,7.190578937530518
1067,7.418442249298096
1068,7.210824489593506
1069,7.796788215637207
1070,7.24376916885376
1071,5.621557712554932
1072,7.047317981719971
1073,5.838818073272705
1074,7.5450825691223145
1075,7.030248165130615
1076,7.556290149688721
1077,7.637919902801514
1078,7.895825386047363
1079,7.034669399261475
1080,6.718510627746582
1081,7.166258811950684
1082,7.82875919342041
1083,8.09255313873291
1084,7.8325066566467285
1085,7.626270771026611
1086,7.246795177459717
1087,7.183260917663574
1088,7.36622428894043
1089,6.4383673667907715
1090,4.8699727058410645
1091,7.735586166381836
1092,7.917140007019043
1093,7.5082244873046875
1094,7.422904968261719
1095,7.7542338371276855
1096,7.58097505569458
1097,7.270720958709717
1098,7.631571292877197
1099,6.867377758026123
1100,6.784622669219971
1101,7.825798988342285
1102,7.535463333129883
1103,7.086679935455322
1104,7.408492088317871
1105,6.260378360748291
1106,6.659132480621338
1107,5.381208419799805
1108,7.581909656524658
1109,7.622502326965332
1110,7.972492694854736
1111,6.602844715118408
1112,7.49808931350708
1113,7.4772047996521
1114,7.463325023651123
1115,7.107598304748535
1116,7.406537055969238
1117,7.859598159790039
1118,8.500275611877441
1119,6.691980838775635
1120,7.6428751945495605
1121,7.094486236572266
1122,7.113995552062988
1123,7.3073530197143555
1124,7.590372085571289
1125,7.141663551330566
1126,6.201968193054199
1127,6.7049713134765625
1128,4.6574907302856445
1129,6.352924346923828
1130,7.49715518951416
1131,7.15255069732666
1132,7.14744758605957
1133,7.247117519378662
1134,7.267460346221924
1135,7.459809303283691
1136,4.937399387359619
1137,4.144623279571533
1138,6.965037822723389
1139,7.0827484130859375
1140,7.39475679397583
1141,6.25841760635376
1142,7.612764835357666
1143,7.000473499298096
1144,7.293748378753662
1145,7.742864608764648
1146,7.429586887359619
1147,7.223135948181152
1148,7.784388065338135
1149,6.754522800445557
1150,7.082766532897949
1151,7.716681480407715
1152,7.285033226013184
1153,6.720240116119385
1154,6.697941303253174
1155,7.757270336151123
1156,7.557090759277344
1157,7.650312423706055
1158,7.496860980987549
1159,7.071590900421143
1160,5.971524238586426
1161,7.457585334777832
1162,7.485091209411621
1163,7.600170612335205
1164,7.504971981048584
1165,7.793959140777588
1166,7.78562068939209
1167,7.30815315246582
1168,7.722985744476318
1169,6.4731974601745605
1170,6.932094573974609
1171,7.429564952850342
1172,6.780351161956787
1173,6.12758207321167
1174,7.684938907623291
1175,7.3701629638671875
1176,7.512937068939209
1177,8.210736274719238
1178,6.491358757019043
1179,7.600688457489014
1180,7.807476043701172
1181,5.781548023223877
1182,7.642851829528809
1183,7.224057674407959
1184,6.937372207641602
1185,7.9876933097839355
1186,7.429717063903809
1187,7.278443813323975
1188,7.654332637786865
1189,7.413434028625488
1190,7.6525139808654785
1191,7.3766560554504395
1192,7.801502227783203
1193,7.58402156829834
1194,7.492556095123291
1195,5.6190009117126465
1196,7.899953365325928
1197,6.685338020324707
1198,7.579086780548096
1199,5.414574146270752
1200,5.927978038787842
1201,7.392954349517822
1202,7.177465438842773
1203,7.412084102630615
1204,6.794564247131348
1205,7.284969806671143
1206,6.7835540771484375
1207,7.5275468826293945
1208,7.663618087768555
1209,7.196444988250732
1210,5.636289596557617
1211,7.601265907287598
1212,7.68412446975708
1213,5.333614349365234
1214,7.5123982429504395
1215,7.194031715393066
1216,7.817567348480225
1217,5.92081356048584
1218,7.561359405517578
1219,6.116969585418701
1220,7.483686923980713
1221,7.69162130355835
1222,7.2991743087768555
1223,7.556247234344482
1224,7.510161399841309
1225,7.650964736938477
1226,7.651142120361328
1227,7.701611042022705
1228,5.895320415496826
1229,7.832678318023682
1230,7.19683313369751
1231,7.5010786056518555
1232,6.449535846710205
1233,7.476335048675537
1234,7.391048431396484
1235,7.178119659423828
1236,6.568593978881836
1237,7.665791988372803
1238,6.079424858093262
1239,7.7624969482421875
1240,6.86982536315918
1241,7.48388147354126
1242,7.54389762878418
1243,7.307802200317383
1244,7.665683269500732
1245,8.00873851776123
1246,7.575095176696777
1247,6.537566184997559
1248,7.623641014099121
1249,5.868247032165527
1250,7.271129608154297
1251,8.038732528686523
1252,5.292171955108643
1253,7.626442909240723
1254,7.357851505279541
1255,6.0010552406311035
1256,7.888718605041504
1257,6.84113883972168
1258,7.560573101043701
1259,6.899221897125244
1260,7.562223434448242
1261,7.365147590637207
1262,6.0773186683654785
1263,7.669360160827637
1264,6.101500988006592
1265,6.744138717651367
1266,7.82848596572876
1267,6.910525798797607
1268,7.344063758850098
1269,7.822253227233887
1270,7.082907199859619
1271,7.161599636077881
1272,7.503602027893066
1273,6.915172576904297
1274,7.539311408996582
1275,6.143553733825684
1276,7.343452453613281
1277,7.609148025512695
1278,7.131331443786621
1279,7.48021125793457
1280,7.762385845184326
1281,7.635364532470703
1282,7.217860221862793
1283,7.456594944000244
1284,7.329736232757568
1285,7.405275821685791
1286,7.569215297698975
1287,7.762790203094482
1288,7.729523181915283
1289,5.588398456573486
1290,7.504591464996338
1291,7.5755767822265625
1292,7.877502918243408
1293,7.475398063659668
1294,7.852199554443359
1295,6.6899824142456055
1296,7.7954020500183105
1297,7.690267562866211
1298,7.526431083679199
1299,6.028401851654053
1300,7.257650852203369
1301,6.898520469665527
1302,6.864150524139404
1303,7.89082670211792
1304,7.14857816696167
1305,7.014579772949219
1306,7.492410182952881
1307,7.689180850982666
1308,6.513614654541016
1309,7.240716934204102
1310,7.418184757232666
1311,7.481236934661865
1312,6.907323360443115
1313,7.168812274932861
1314,7.405226230621338
1315,7.629186630249023
1316,7.623524188995361
1317,7.89918851852417
1318,7.058942794799805
1319,7.130647659301758
1320,7.179175853729248
1321,7.265079021453857
1322,7.117976188659668
1323,4.0451340675354
1324,7.680569171905518
1325,7.389374256134033
1326,7.472672939300537
1327,7.922684669494629
1328,7.838773727416992
1329,7.5484700202941895
1330,7.310373783111572
1331,7.287075996398926
1332,5.015649318695068
1333,6.756568908691406
1334,6.607285976409912
1335,8.141279220581055
1336,7.601264953613281
1337,6.826467037200928
1338,7.735531806945801
1339,8.210736274719238
1340,6.934158802032471
1341,3.671081066131592
1342,7.0277276039123535
1343,7.340648651123047
1344,5.702869415283203
1345,6.255145072937012
1346,7.77368688583374
1347,7.492162704467773
1348,7.347048759460449
1349,5.201508522033691
1350,7.265425682067871
1351,8.012626647949219
1352,8.008332252502441
1353,7.46781587600708
1354,6.818902969360352
1355,5.575923919677734
1356,7.9534592628479
1357,7.788950443267822
1358,6.517541885375977
1359,7.814215183258057
1360,6.384674549102783
1361,7.664340019226074
1362,7.620187759399414
1363,7.4880475997924805
1364,7.319593906402588
1365,7.92331075668335
1366,7.3240156173706055
1367,7.131664752960205
1368,7.3216118812561035
1369,7.676702976226807
1370,7.057136058807373
1371,6.051807880401611
1372,7.560816764831543
1373,7.382068634033203
1374,5.7658915519714355
1375,7.974064350128174
1376,7.3564958572387695
1377,7.25068473815918
1378,6.61707067489624
1379,5.053468227386475
1380,7.363091468811035
1381,7.395061016082764
1382,7.090791702270508
1383,7.509754657745361
1384,7.749815940856934
1385,7.706487655639648
1386,7.012320041656494
1387,7.597383975982666
1388,7.716286659240723
1389,6.27789831161499
1390,7.352069854736328
1391,5.7150397300720215
1392,7.5183515548706055
1393,7.161198139190674
1394,7.7213454246521
1395,7.665261268615723
1396,6.762431621551514
1397,7.704514503479004
1398,7.616218566894531
1399,7.535618782043457
1400,7.6171135902404785
1401,7.628234386444092
1402,7.816585540771484
1403,8.005159378051758
1404,7.973107814788818
1405,5.849954605102539
1406,8.494600296020508
1407,6.94779109954834
1408,6.656990051269531
1409,8.197028160095215
1410,7.250397682189941
1411,7.685644626617432
1412,7.191036701202393
1413,7.553378105163574
1414,5.575411796569824
1415,7.652237415313721
1416,5.26820182800293
1417,6.937971591949463
1418,7.763630390167236
1419,7.872190475463867
1420,7.409995079040527
1421,7.0478105545043945
1422,7.3540778160095215
1423,8.019806861877441
1424,7.576274871826172
1425,7.285655975341797
1426,7.189636707305908
1427,7.706016540527344
1428,7.545048713684082
1429,8.090370178222656
1430,7.763301372528076
1431,7.631795883178711
1432,7.589234828948975
1433,5.6692705154418945
1434,7.613492488861084
1435,7.627314567565918
1436,5.742729187011719
1437,6.68265438079834
1438,5.473176956176758
1439,6.763576030731201
1440,7.4770827293396
1441,7.270893573760986
1442,7.566588401794434
1443,7.244504451751709
1444,7.538718223571777
1445,7.699434757232666
1446,7.069876670837402
1447,8.066122055053711
1448,7.367042541503906
1449,7.4762115478515625
1450,7.842675685882568
1451,7.2733941078186035
1452,7.235988140106201
1453,7.856802463531494
1454,5.560413837432861
1455,7.762118339538574
1456,6.297268867492676
1457,7.7565813064575195
1458,7.556347370147705
1459,7.201690196990967
1460,7.90858268737793
1461,7.155770301818848
1462,7.718360424041748
1463,7.015429973602295
1464,5.684182167053223
1465,7.90846586227417
1466,7.378246784210205
1467,6.927251815795898
1468,7.216941833496094
1469,6.36076021194458
1470,7.542996883392334
1471,7.842421054840088
1472,7.003823757171631
1473,7.581841945648193
1474,8.212010383605957
1475,7.170301914215088
1476,7.559532642364502
1477,7.990506172180176
1478,8.002787590026855
1479,8.065141677856445
1480,7.4988579750061035
1481,7.721746921539307
1482,7.504232883453369
1483,7.307890892028809
1484,7.791258335113525
1485,7.857873439788818
1486,7.850933074951172
1487,6.974381923675537
1488,7.354067325592041
1489,7.225588321685791
1490,6.766420841217041
1491,7.724995136260986
1492,7.2436628341674805
1493,5.721123218536377
1494,6.77293586730957
1495,6.467395782470703
1496,7.089137077331543
1497,7.54010009765625
1498,7.459554195404053
1499,7.279557228088379
1500,6.798727035522461
1501,7.6146240234375
1502,4.547058582305908
1503,7.695226669311523
1504,6.18706750869751
1505,7.481908321380615
1506,6.759210586547852
1507,7.33961820602417
1508,7.735648155212402
1509,7.375532150268555
1510,7.445481777191162
1511,7.922304153442383
1512,6.917979717254639
1513,6.486774444580078
1514,7.792829990386963
1515,6.930981636047363
1516,5.569873332977295
1517,7.535961151123047
1518,7.212442874908447
1519,7.542323112487793
1520,7.577712535858154
1521,7.640864372253418
1522,6.7202911376953125
1523,7.598881721496582
1524,7.596210479736328
1525,7.372633934020996
1526,7.813593864440918
1527,7.067556858062744
1528,6.049198150634766
1529,7.590183734893799
1530,7.247873783111572
1531,4.373467445373535
1532,7.866639614105225
1533,7.8380818367004395
1534,6.841951370239258
1535,7.699623107910156
1536,7.702341556549072
1537,7.192870140075684
1538,5.319197177886963
1539,7.337887763977051
1540,7.491268634796143
1541,5.341279029846191
1542,7.3329291343688965
1543,7.518956661224365
1544,7.68489933013916
1545,7.207577228546143
1546,7.087111949920654
1547,7.762123107910156
1548,8.014909744262695
1549,7.240651607513428
1550,7.584187030792236
1551,7.488959312438965
1552,7.3961687088012695
1553,6.882722854614258
1554,7.4480180740356445
1555,7.590088844299316
1556,7.7892889976501465
1557,7.333535671234131
1558,7.039650917053223
1559,7.261018753051758
1560,7.213765621185303
1561,7.8265557289123535
1562,6.677646636962891
1563,7.944683074951172
1564,7.606522083282471
1565,7.688279628753662
1566,7.413501262664795
1567,7.418221473693848
1568,7.000650405883789
1569,6.344123840332031
1570,7.535401344299316
1571,6.61057710647583
1572,7.458460330963135
1573,7.260047912597656
1574,7.814852714538574
1575,7.680520534515381
1576,7.5849690437316895
1577,7.072124481201172
1578,6.978538513183594
1579,7.076379299163818
1580,7.315343856811523
1581,7.550895690917969
1582,5.0262556076049805
1583,6.8807220458984375
1584,7.453596115112305
1585,7.928608417510986
1586,6.285811901092529
1587,7.5510759353637695
1588,7.603785514831543
1589,8.1292085647583
1590,5.684399127960205
1591,8.002264976501465
1592,7.752447128295898
1593,8.460856437683105
1594,8.136734008789062
1595,7.446474552154541
1596,7.836734771728516
1597,5.714118957519531
1598,6.853672981262207
1599,5.389945983886719
1600,7.201913833618164
1601,7.785058498382568
1602,7.995230674743652
1603,7.698258399963379
1604,7.2438554763793945
1605,7.449721336364746
1606,7.685997009277344
1607,6.514004230499268
1608,6.024608612060547
1609,6.241964817047119
1610,6.35270881652832
1611,6.5118303298950195
1612,7.3096923828125
1613,7.311334609985352
1614,6.453722953796387
1615,7.6689605712890625
1616,7.484166622161865
1617,7.68021821975708
1618,7.382294654846191
1619,7.48514986038208
1620,7.43512487411499
1621,7.564659595489502
1622,7.782689571380615
1623,8.029370307922363
1624,7.218740463256836
1625,7.627508640289307
1626,7.45867919921875
1627,7.8540802001953125
1628,7.218053817749023
1629,7.4266533851623535
1630,7.683955192565918
1631,6.3398284912109375
1632,7.7229695320129395
1633,7.3013129234313965
1634,6.774397373199463
1635,7.127978801727295
1636,7.71992826461792
1637,7.568670272827148
1638,7.478585720062256
1639,7.554354667663574
1640,7.361529350280762
1641,7.334726810455322
1642,7.087121963500977
1643,7.716668128967285
1644,7.675930976867676
1645,6.305382251739502
1646,7.356983184814453
1647,7.6292219161987305
1648,7.649988651275635
1649,7.509773254394531
1650,3.9937117099761963
1651,7.092501640319824
1652,7.035219669342041
1653,7.452486991882324
1654,7.634885311126709
1655,7.247475624084473
1656,7.324398040771484
1657,7.291204929351807
1658,7.976617336273193
1659,7.034704685211182
1660,7.640346527099609
1661,7.500799655914307
1662,7.280728340148926
1663,7.617542266845703
1664,7.839691162109375
1665,7.138595104217529
1666,7.646139621734619
1667,8.258667945861816
1668,7.7925848960876465
1669,7.533793926239014
1670,7.661053657531738
1671,7.361057758331299
1672,7.6773271560668945
1673,7.601775169372559
1674,7.891077041625977
1675,8.196037292480469
1676,6.928813457489014
1677,7.4811177253723145
1678,7.201254367828369
1679,5.979536533355713
1680,7.802260398864746
1681,7.415647029876709
1682,6.545569896697998
1683,7.531757831573486
1684,7.351014137268066
1685,7.760574817657471
1686,7.250522136688232
1687,7.35399055480957
1688,7.635237216949463
1689,7.598935127258301
1690,6.717095851898193
1691,7.603347301483154
1692,7.840799808502197
1693,6.70750093460083
1694,7.882243633270264
1695,7.280494689941406
1696,6.617470741271973
1697,7.214557647705078
1698,7.354283332824707
1699,7.073689937591553
1700,7.420693874359131
1701,7.604039192199707
1702,7.522183895111084
1703,7.320718288421631
1704,6.795553684234619
1705,7.703261375427246
1706,7.814903736114502
1707,6.832160949707031
1708,7.67641019821167
1709,7.665971279144287
1710,7.4932861328125
1711,7.111198425292969
1712,7.958505153656006
1713,7.4583420753479
1714,6.7230353355407715
1715,8.254118919372559
1716,6.435974597930908
1717,7.3681640625
1718,7.389526844024658
1719,6.812422275543213
1720,7.345027923583984
1721,7.7110114097595215
1722,7.72041654586792
1723,5.208072662353516
1724,7.530234336853027
1725,6.08974552154541
1726,5.273743152618408
1727,5.920985698699951
1728,7.756807804107666
1729,7.711610317230225
1730,8.043825149536133
1731,7.459152698516846
1732,5.220245361328125
1733,7.744136333465576
1734,7.744109630584717
1735,7.484066009521484
1736,7.480900764465332
1737,6.673466205596924
1738,6.258540630340576
1739,7.741611957550049
1740,7.811217308044434
1741,5.5938849449157715
1742,7.33768367767334
1743,7.450952529907227
1744,6.187139511108398
1745,7.099732398986816
1746,7.530228614807129
1747,4.812877178192139
1748,7.32900857925415
1749,7.601354122161865
1750,7.2263617515563965
1751,7.0098419189453125
1752,7.169622421264648
1753,7.698253154754639
1754,5.357954978942871
1755,7.327060222625732
1756,8.398270606994629
1757,8.107176780700684
1758,5.458878993988037
1759,8.128937721252441
1760,6.8602776527404785
1761,7.684119701385498
1762,6.904995441436768
1763,7.842947959899902
1764,7.6684346199035645
1765,4.182725429534912
1766,7.733259201049805
1767,5.668057441711426
1768,7.641117095947266
1769,7.684174060821533
1770,7.415373802185059
1771,7.585781097412109
1772,7.6656060218811035
1773,5.505166530609131
1774,7.8448710441589355
1775,7.522546291351318
1776,7.449409008026123
1777,7.590243339538574
1778,7.691305160522461
1779,7.284670352935791
1780,6.2965545654296875
1781,7.407719135284424
1782,7.528961658477783
1783,7.421957492828369
1784,6.266581058502197
1785,7.354032516479492
1786,7.044171333312988
1787,7.640933990478516
1788,7.917908191680908
1789,7.474637985229492
1790,7.305008411407471
1791,7.716294288635254
1792,8.540953636169434
1793,7.753113269805908
1794,6.518165588378906
1795,7.703105449676514
1796,6.182498931884766
1797,6.4702229499816895
1798,7.586987495422363
1799,7.524688243865967
1800,7.712606906890869
1801,8.087583541870117
1802,7.829090595245361
1803,7.467422962188721
1804,6.583678722381592
1805,7.834681987762451
1806,7.751761436462402
1807,7.647674083709717
1808,6.831636905670166
1809,7.7903642654418945
1810,7.744362831115723
1811,7.134913921356201
1812,7.9368062019348145
1813,7.153509140014648
1814,7.696146011352539
1815,7.8708696365356445
1816,7.391543865203857
1817,7.553882122039795
1818,6.763942718505859
1819,7.2644219398498535
1820,7.405649185180664
1821,7.697084903717041
1822,7.412057876586914
1823,7.944245338439941
1824,7.976084232330322
1825,7.505544662475586
1826,5.787822246551514
1827,6.830620288848877
1828,7.217491626739502
1829,7.85968017578125
1830,6.317051887512207
1831,7.377294063568115
1832,6.782978534698486
1833,7.56241512298584
1834,7.63041353225708
1835,7.523766994476318
1836,7.991571426391602
1837,6.80859375
1838,6.328995227813721
1839,7.5473952293396
1840,7.839566230773926
1841,7.858738899230957
1842,7.525056838989258
1843,7.517204761505127
1844,7.381138324737549
1845,7.041906833648682
1846,7.7594475746154785
1847,7.682187557220459
1848,7.053226947784424
1849,8.479483604431152
1850,8.125446319580078
1851,7.733251571655273
1852,7.8168625831604
1853,7.891947269439697
1854,6.457857608795166
1855,7.373132228851318
1856,7.527698516845703
1857,6.042369365692139
1858,7.846367359161377
1859,8.228899955749512
1860,8.240757942199707
1861,4.868259429931641
1862,7.47517728805542
1863,7.12517786026001
1864,7.388256549835205
1865,7.370091438293457
1866,7.308561325073242
1867,7.854412078857422
1868,6.623425006866455
1869,6.57959508895874
1870,7.471587181091309
1871,7.50042200088501
1872,7.331444263458252
1873,7.959266185760498
1874,7.187330722808838
1875,4.989527225494385
1876,8.084001541137695
1877,7.63995885848999
1878,7.335011005401611
1879,5.6959662437438965
1880,7.967440128326416
1881,7.732665061950684
1882,7.419032573699951
1883,7.699468612670898
1884,8.753090858459473
1885,7.79313325881958
1886,7.729857444763184
1887,7.793545722961426
1888,5.271455764770508
1889,7.5776214599609375
1890,7.3959245681762695
1891,8.850597381591797
1892,7.130423069000244
1893,7.325274467468262
1894,7.324109077453613
1895,7.554383277893066
1896,6.48787784576416
1897,7.0592474937438965
1898,7.5664286613464355
1899,7.461645603179932
1900,7.268950462341309
1901,7.489434719085693
1902,6.656268119812012
1903,7.593130588531494
1904,7.475695610046387
1905,7.5659708976745605
1906,7.404914855957031
1907,7.48867130279541
1908,6.764323711395264
1909,7.234689235687256
1910,7.612255096435547
1911,6.917455673217773
1912,7.04695987701416
1913,7.6187825202941895
1914,6.08048677444458
1915,7.828252792358398
1916,7.611355781555176
1917,7.5342183113098145
1918,7.304254055023193
1919,8.077545166015625
1920,7.249185085296631
1921,6.92936897277832
1922,7.702682018280029
1923,7.237536430358887
1924,7.580282688140869
1925,7.453420162200928
1926,6.928889274597168
1927,7.603835582733154
1928,7.541475772857666
1929,7.508051872253418
1930,7.308101177215576
1931,7.397354602813721
1932,7.849870204925537
1933,7.398321151733398
1934,7.641152381896973
1935,7.522218704223633
1936,7.426671981811523
1937,7.985783100128174
1938,6.768509387969971
1939,7.559382438659668
1940,7.133985996246338
1941,7.279613971710205
1942,7.617812633514404
1943,7.413532257080078
1944,5.7748894691467285
1945,6.403260231018066
1946,7.957573413848877
1947,7.542040824890137
1948,7.499700546264648
1949,7.180902481079102
1950,6.00949764251709
1951,7.949921607971191
1952,7.246274948120117
1953,7.652699947357178
1954,7.6774749755859375
1955,7.5288190841674805
1956,7.1600661277771
1957,7.149632930755615
1958,7.373968601226807
1959,7.493469715118408
1960,8.017550468444824
1961,7.7978105545043945
1962,5.276824474334717
1963,7.6135663986206055
1964,6.41141939163208
1965,7.497520923614502
1966,7.677069187164307
1967,7.795872688293457
1968,6.956860065460205
1969,7.018160820007324
1970,6.968008518218994
